Workbook
Name Slicer_Generation: #N/A
Name Slicer_Product_Category: #N/A

Sheet Detail1
A1: Details for Sum of TOTAL SALE - Gender: Male, Product Category: Beauty
A3: Transaction ID | B3: Day | C3: Month Name | D3: Month | E3: Year | F3: Date | G3: Customer ID | H3: Gender | I3: Age | J3: Generation | K3: Product Category | L3: Quantity | M3: Price per Unit | N3: TOTAL SALE | O3: COMMISION 2023
A4: 967 | B4: 17 | C4: April | D4: 4 | E4: 2023 | F4: 45033 | G4: CUST967 | H4: Male | I4: 62 | K4: Beauty | L4: 1 | M4: 25 | N4: 25 | O4: 0.375
A5: 945 | B5: 13 | C5: February | D5: 2 | E5: 2023 | F5: 44970 | G5: CUST945 | H5: Male | I5: 30 | K5: Beauty | L5: 1 | M5: 25 | N5: 25 | O5: 0.375
A6: 855 | B6: 1 | C6: September | D6: 9 | E6: 2023 | F6: 45170 | G6: CUST855 | H6: Male | I6: 54 | K6: Beauty | L6: 1 | M6: 25 | N6: 25 | O6: 0.375
A7: 739 | B7: 29 | C7: November | D7: 11 | E7: 2023 | F7: 45259 | G7: CUST739 | H7: Male | I7: 36 | K7: Beauty | L7: 1 | M7: 25 | N7: 25 | O7: 0.375
A8: 363 | B8: 3 | C8: June | D8: 6 | E8: 2023 | F8: 45080 | G8: CUST363 | H8: Male | I8: 64 | K8: Beauty | L8: 1 | M8: 25 | N8: 25 | O8: 0.375
A9: 230 | B9: 23 | C9: April | D9: 4 | E9: 2023 | F9: 45039 | G9: CUST230 | H9: Male | I9: 54 | K9: Beauty | L9: 1 | M9: 25 | N9: 25 | O9: 0.375
A10: 204 | B10: 28 | C10: September | D10: 9 | E10: 2023 | F10: 45197 | G10: CUST204 | H10: Male | I10: 39 | K10: Beauty | L10: 1 | M10: 25 | N10: 25 | O10: 0.375
A11: 191 | B11: 18 | C11: October | D11: 10 | E11: 2023 | F11: 45217 | G11: CUST191 | H11: Male | I11: 64 | K11: Beauty | L11: 1 | M11: 25 | N11: 25 | O11: 0.375
A12: 974 | B12: 3 | C12: May | D12: 5 | E12: 2023 | F12: 45049 | G12: CUST974 | H12: Male | I12: 47 | K12: Beauty | L12: 1 | M12: 30 | N12: 30 | O12: 0.45
A13: 933 | B13: 3 | C13: February | D13: 2 | E13: 2023 | F13: 44960 | G13: CUST933 | H13: Male | I13: 22 | K13: Beauty | L13: 1 | M13: 30 | N13: 30 | O13: 0.45
A14: 874 | B14: 26 | C14: June | D14: 6 | E14: 2023 | F14: 45103 | G14: CUST874 | H14: Male | I14: 60 | K14: Beauty | L14: 1 | M14: 30 | N14: 30 | O14: 0.45
A15: 793 | B15: 5 | C15: February | D15: 2 | E15: 2023 | F15: 44962 | G15: CUST793 | H15: Male | I15: 54 | K15: Beauty | L15: 1 | M15: 30 | N15: 30 | O15: 0.45
... A76: 182 | B76: 15 | C76: June | D76: 6 | E76: 2023 | F76: 45092 | G76: CUST182 | H76: Male | I76: 62 | K76: Beauty | L76: 4 | M76: 30 | N76: 120 | O76: 1.8
A77: 1 | B77: 24 | C77: November | D77: 11 | E77: 2023 | F77: 45254 | G77: CUST001 | H77: Male | K77: Beauty | L77: 3 | M77: 50 | N77: 150 | O77: 2.25
A78: 912 | B78: 24 | C78: January | D78: 1 | E78: 2023 | F78: 44950 | G78: CUST912 | H78: Male | I78: 51 | K78: Beauty | L78: 3 | M78: 50 | N78: 150 | O78: 2.25
A79: 60 | B79: 23 | C79: October | D79: 10 | E79: 2023 | F79: 45222 | G79: CUST060 | H79: Male | I79: 30 | K79: Beauty | L79: 3 | M79: 50 | N79: 150 | O79: 2.25
A80: 200 | B80: 1 | C80: September | D80: 9 | E80: 2023 | F80: 45170 | G80: CUST200 | H80: Male | I80: 27 | K80: Beauty | L80: 3 | M80: 50 | N80: 150 | O80: 2.25
A81: 961 | B81: 6 | C81: June | D81: 6 | E81: 2023 | F81: 45083 | G81: CUST961 | H81: Male | I81: 53 | K81: Beauty | L81: 4 | M81: 50 | N81: 200 | O81: 3
A82: 936 | B82: 7 | C82: February | D82: 2 | E82: 2023 | F82: 44964 | G82: CUST936 | H82: Male | I82: 57 | K82: Beauty | L82: 4 | M82: 50 | N82: 200 | O82: 3
A83: 833 | B83: 16 | C83: June | D83: 6 | E83: 2023 | F83: 45093 | G83: CUST833 | H83: Male | I83: 42 | K83: Beauty | L83: 4 | M83: 50 | N83: 200 | O83: 3
A84: 817 | B84: 31 | C84: October | D84: 10 | E84: 2023 | F84: 45230 | G84: CUST817 | H84: Male | I84: 30 | K84: Beauty | L84: 4 | M84: 50 | N84: 200 | O84: 3
A85: 38 | B85: 21 | C85: March | D85: 3 | E85: 2023 | F85: 45006 | G85: CUST038 | H85: Male | I85: 38 | K85: Beauty | L85: 4 | M85: 50 | N85: 200 | O85: 3
A86: 61 | B86: 9 | C86: April | D86: 4 | E86: 2023 | F86: 45025 | G86: CUST061 | H86: Male | I86: 21 | K86: Beauty | L86: 4 | M86: 50 | N86: 200 | O86: 3
A87: 75 | B87: 6 | C87: July | D87: 7 | E87: 2023 | F87: 45113 | G87: CUST075 | H87: Male | I87: 61 | K87: Beauty | L87: 4 | M87: 50 | N87: 200 | O87: 3
A88: 433 | B88: 27 | C88: February | D88: 2 | E88: 2023 | F88: 44984 | G88: CUST433 | H88: Male | I88: 29 | K88: Beauty | L88: 4 | M88: 50 | N88: 200 | O88: 3
A89: 947 | B89: 2 | C89: March | D89: 3 | E89: 2023 | F89: 44987 | G89: CUST947 | H89: Male | I89: 50 | K89: Beauty | L89: 1 | M89: 300 | N89: 300 | O89: 4.5
... A144: 139 | B144: 15 | C144: December | D144: 12 | E144: 2023 | F144: 45275 | G144: CUST139 | H144: Male | I144: 36 | K144: Beauty | L144: 4 | M144: 500 | N144: 2000 | O144: 30

Sheet Task 2
A1: Student name | B1: English | C1: Mathematics | D1: Science | E1: Average | F1: Highest score
A2: Carol | B2: 75 | C2: 85 | D2: 85
A3: Ted | B3: 80 | C3: 75 | D3: 90
A4: Khan | B4: 85 | C4: 75 | D4: 80
A5: Harry | B5: 80 | C5: 70 | D5: 80
A6: Sarah | B6: 80 | C6: 70 | D6: 80
A7: John | B7: 65 | C7: 80 | D7: 70
A8: Linda | B8: 90 | C8: 50 | D8: 70
A9: Edward | B9: 55 | C9: 80 | D9: 60
A10: Mary | B10: 55 | C10: 70 | D10: 65
A11: Thomas | B11: 55 | C11: 30 | D11: 65
A14: Task
A15: 1) Apply filter and sorting to show the best students in each subject.
A16: 2) Calculate the average for all students and fill into Column E. (Use formula)
A17: 3) Using the =MAX fucntion, tell me what the students highest score was in column F.
A18: 4) Apply filter and sorting to show the best student in this classroom by average.
A19: 5) Apply filter and sorting to show the best student in this classroom by highest score.
A20: 6) Use conditional formatting to clearly identify the highest and lowest average scores

Sheet Sheet1
A3: Sum of TOTAL SALE | B3: Product Category
A4: Gender | B4: Beauty | C4: Clothing | D4: Electronics | E4: Grand Total
A5: Female | B5: 0.16410088 | C5: 0.17823465 | D5: 0.16827851 | E5: 0.51061404
A6: Male | B6: 0.150625 | C6: 0.16294956 | D6: 0.1758114 | E6: 0.48938596
A7: Grand Total | B7: 0.31472588 | C7: 0.34118421 | D7: 0.34408991 | E7: 1

Sheet retail_sales_dataset
A1: Transaction ID | B1: Day | C1: Month Name | D1: Month | E1: Year | F1: Date | G1: Customer ID | H1: Gender | I1: Age | J1: Generation | K1: Product Category | L1: Quantity | M1: Price per Unit | N1: TOTAL SALE | O1: COMMISION 2023 | P1: COMMISION 2024
A2: 14 | B2: =DAY(F2) -> 17 | C2: =TEXT(F2, "mmmm") -> January | D2: =MONTH(F2) -> 1 | E2: =YEAR(F2) -> 2023 | F2: 44943 | G2: CUST014 | H2: Male | I2: 64 | K2: Clothing | L2: 4 | M2: 30 | N2: =L2 * M2 -> 120 | O2: =N2 *$R$3 -> 1.8 | R2: rate %
A3: 25 | B3: =DAY(F3) -> 26 | C3: =TEXT(F3, "mmmm") -> December | D3: =MONTH(F3) -> 12 | E3: =YEAR(F3) -> 2023 | F3: 45286 | G3: CUST025 | H3: Female | I3: 64 | K3: Beauty | L3: 1 | M3: 50 | N3: =L3 * M3 -> 50 | O3: =N3 *$R$3 -> 0.75 | Q3: Commision Rate2023 | R3: 0.015
A4: 80 | B4: =DAY(F4) -> 10 | C4: =TEXT(F4, "mmmm") -> December | D4: =MONTH(F4) -> 12 | E4: =YEAR(F4) -> 2023 | F4: 45270 | G4: CUST080 | H4: Female | I4: 64 | K4: Clothing | L4: 2 | M4: 30 | N4: =L4 * M4 -> 60 | O4: =N4 *$R$3 -> 0.9 | Q4: Commision Rate2024 | R4: 0.02
A5: 122 | B5: =DAY(F5) -> 3 | C5: =TEXT(F5, "mmmm") -> October | D5: =MONTH(F5) -> 10 | E5: =YEAR(F5) -> 2023 | F5: 45202 | G5: CUST122 | H5: Male | I5: 64 | K5: Electronics | L5: 4 | M5: 30 | N5: =L5 * M5 -> 120 | O5: =N5 *$R$3 -> 1.8
A6: 161 | B6: =DAY(F6) -> 22 | C6: =TEXT(F6, "mmmm") -> March | D6: =MONTH(F6) -> 3 | E6: =YEAR(F6) -> 2023 | F6: 45007 | G6: CUST161 | H6: Male | I6: 64 | K6: Beauty | L6: 2 | M6: 500 | N6: =L6 * M6 -> 1000 | O6: =N6 *$R$3 -> 15
A7: 163 | B7: =DAY(F7) -> 2 | C7: =TEXT(F7, "mmmm") -> January | D7: =MONTH(F7) -> 1 | E7: =YEAR(F7) -> 2023 | F7: 44928 | G7: CUST163 | H7: Female | I7: 64 | K7: Clothing | L7: 3 | M7: 50 | N7: =L7 * M7 -> 150 | O7: =N7 *$R$3 -> 2.25
A8: 173 | B8: =DAY(F8) -> 8 | C8: =TEXT(F8, "mmmm") -> November | D8: =MONTH(F8) -> 11 | E8: =YEAR(F8) -> 2023 | F8: 45238 | G8: CUST173 | H8: Male | I8: 64 | K8: Electronics | L8: 4 | M8: 30 | N8: =L8 * M8 -> 120 | O8: =N8 *$R$3 -> 1.8 | R8: Total | S8: FEMALE | T8: MALE | U8: AVERGE SALES | V8: how many products categorie?
A9: 187 | B9: =DAY(F9) -> 7 | C9: =TEXT(F9, "mmmm") -> June | D9: =MONTH(F9) -> 6 | E9: =YEAR(F9) -> 2023 | F9: 45084 | G9: CUST187 | H9: Female | I9: 64 | K9: Clothing | L9: 2 | M9: 50 | N9: =L9 * M9 -> 100 | O9: =N9 *$R$3 -> 1.5 | Q9: Beauty | R9: =SUMIF(K:K, "beauty", N:N) -> 143515 | S9: =SUMIFS(L1:L999, K1:K999, "beauty", H1:H999, "female") -> 418 | T9: =SUMIFS(L:L, K:K, "Beauty", H:H, "Male") -> 353 | U9: 456 | V9: {=_xlfn.UNIQUE(K2:K1001)} -> Clothing
A10: 191 | B10: =DAY(F10) -> 18 | C10: =TEXT(F10, "mmmm") -> October | D10: =MONTH(F10) -> 10 | E10: =YEAR(F10) -> 2023 | F10: 45217 | G10: CUST191 | H10: Male | I10: 64 | K10: Beauty | L10: 1 | M10: 25 | N10: =L10 * M10 -> 25 | O10: =N10 *$R$3 -> 0.375 | Q10: Clothing | R10: =SUMIF(K:K, "clothing", N:N) -> 155580 | S10: =SUMIFS(L2:L1001, K2:K1001, "Clothing", H2:H1001, "Female" ) -> 441 | T10: =SUMIFS(L2:L1001, K2:K1001, "Clothing", H2:H1001, "MALE" ) -> 453 | U10: =ROUND(AVERAGEIF(K:K, "Clothing", N:N),0) -> 443 | V10: Beauty
A11: 218 | B11: =DAY(F11) -> 22 | C11: =TEXT(F11, "mmmm") -> September | D11: =MONTH(F11) -> 9 | E11: =YEAR(F11) -> 2023 | F11: 45191 | G11: CUST218 | H11: Male | I11: 64 | K11: Beauty | L11: 3 | M11: 30 | N11: =L11 * M11 -> 90 | O11: =N11 *$R$3 -> 1.35 | P11: =AVERAGE(P1-P9) -> #VALUE! | R11: =SUMIF(K:K, "Electronics", N:N) -> 156905 | S11: =SUMIFS(L:L, K:K, "Electronics", H:H, "Female") -> 439 | T11: =SUMIFS(L1:L1000, K1:K1000, "Electronics", H1:H1000, "Male") -> 410 | U11: =ROUND(AVERAGEIF(K:K, "electronics", N:N),0) -> 459 | V11: Electronics
A12: 220 | B12: =DAY(F12) -> 3 | C12: =TEXT(F12, "mmmm") -> March | D12: =MONTH(F12) -> 3 | E12: =YEAR(F12) -> 2023 | F12: 44988 | G12: CUST220 | H12: Male | I12: 64 | K12: Beauty | L12: 1 | M12: 500 | N12: =L12 * M12 -> 500 | O12: =N12 *$R$3 -> 7.5 | Q12: all products | R12: 456000 | S12: =SUMIF(H:H, "FEMALE", L:L) -> 1298 | T12: 353 | U12: 466
A13: 223 | B13: =DAY(F13) -> 2 | C13: =TEXT(F13, "mmmm") -> February | D13: =MONTH(F13) -> 2 | E13: =YEAR(F13) -> 2023 | F13: 44959 | G13: CUST223 | H13: Female | I13: 64 | K13: Clothing | L13: 1 | M13: 25 | N13: =L13 * M13 -> 25 | O13: =N13 *$R$3 -> 0.375
A14: 282 | B14: =DAY(F14) -> 25 | C14: =TEXT(F14, "mmmm") -> August | D14: =MONTH(F14) -> 8 | E14: =YEAR(F14) -> 2023 | F14: 45163 | G14: CUST282 | H14: Female | I14: 64 | K14: Electronics | L14: 4 | M14: 50 | N14: =L14 * M14 -> 200 | O14: =N14 *$R$3 -> 3
A15: 363 | B15: =DAY(F15) -> 3 | C15: =TEXT(F15, "mmmm") -> June | D15: =MONTH(F15) -> 6 | E15: =YEAR(F15) -> 2023 | F15: 45080 | G15: CUST363 | H15: Male | I15: 64 | K15: Beauty | L15: 1 | M15: 25 | N15: =L15 * M15 -> 25 | O15: =N15 *$R$3 -> 0.375
A16: 376 | B16: =DAY(F16) -> 16 | C16: =TEXT(F16, "mmmm") -> May | D16: =MONTH(F16) -> 5 | E16: =YEAR(F16) -> 2023 | F16: 45062 | G16: CUST376 | H16: Female | I16: 64 | K16: Beauty | L16: 1 | M16: 30 | N16: =L16 * M16 -> 30 | O16: =N16 *$R$3 -> 0.45
A17: 399 | B17: =DAY(F17) -> 1 | C17: =TEXT(F17, "mmmm") -> March | D17: =MONTH(F17) -> 3 | E17: =YEAR(F17) -> 2023 | F17: 44986 | G17: CUST399 | H17: Female | I17: 64 | K17: Beauty | L17: 2 | M17: 30 | N17: =L17 * M17 -> 60 | O17: =N17 *$R$3 -> 0.9
A18: 408 | B18: =DAY(F18) -> 15 | C18: =TEXT(F18, "mmmm") -> April | D18: =MONTH(F18) -> 4 | E18: =YEAR(F18) -> 2023 | F18: 45031 | G18: CUST408 | H18: Female | I18: 64 | K18: Beauty | L18: 1 | M18: 500 | N18: =L18 * M18 -> 500 | O18: =N18 *$R$3 -> 7.5
A19: 429 | B19: =DAY(F19) -> 28 | C19: =TEXT(F19, "mmmm") -> December | D19: =MONTH(F19) -> 12 | E19: =YEAR(F19) -> 2023 | F19: 45288 | G19: CUST429 | H19: Male | I19: 64 | K19: Electronics | L19: 2 | M19: 25 | N19: =L19 * M19 -> 50 | O19: =N19 *$R$3 -> 0.75
A20: 440 | B20: =DAY(F20) -> 26 | C20: =TEXT(F20, "mmmm") -> October | D20: =MONTH(F20) -> 10 | E20: =YEAR(F20) -> 2023 | F20: 45225 | G20: CUST440 | H20: Male | I20: 64 | K20: Clothing | L20: 2 | M20: 300 | N20: =L20 * M20 -> 600 | O20: =N20 *$R$3 -> 9
A21: 473 | B21: =DAY(F21) -> 25 | C21: =TEXT(F21, "mmmm") -> February | D21: =MONTH(F21) -> 2 | E21: =YEAR(F21) -> 2023 | F21: 44982 | G21: CUST473 | H21: Male | I21: 64 | K21: Beauty | L21: 1 | M21: 50 | N21: =L21 * M21 -> 50 | O21: =N21 *$R$3 -> 0.75
A22: 532 | B22: =DAY(F22) -> 19 | C22: =TEXT(F22, "mmmm") -> June | D22: =MONTH(F22) -> 6 | E22: =YEAR(F22) -> 2023 | F22: 45096 | G22: CUST532 | H22: Female | I22: 64 | K22: Clothing | L22: 4 | M22: 30 | N22: =L22 * M22 -> 120 | O22: =N22 *$R$3 -> 1.8
A23: 561 | B23: =DAY(F23) -> 27 | C23: =TEXT(F23, "mmmm") -> May | D23: =MONTH(F23) -> 5 | E23: =YEAR(F23) -> 2023 | F23: 45073 | G23: CUST561 | H23: Female | I23: 64 | K23: Clothing | L23: 4 | M23: 500 | N23: =L23 * M23 -> 2000 | O23: =N23 *$R$3 -> 30
A24: 566 | B24: =DAY(F24) -> 2 | C24: =TEXT(F24, "mmmm") -> December | D24: =MONTH(F24) -> 12 | E24: =YEAR(F24) -> 2023 | F24: 45262 | G24: CUST566 | H24: Female | I24: 64 | K24: Clothing | L24: 1 | M24: 30 | N24: =L24 * M24 -> 30 | O24: =N24 *$R$3 -> 0.45
... A810: 971 | B810: =DAY(F810) -> 5 | C810: =TEXT(F810, "mmmm") -> December | D810: =MONTH(F810) -> 12 | E810: =YEAR(F810) -> 2023 | F810: 45265 | G810: CUST971 | H810: Female | I810: 27 | K810: Electronics | L810: 4 | M810: 50 | N810: =L810 * M810 -> 200 | O810: =N810 *$R$3 -> 3
A811: 2 | B811: =DAY(F811) -> 27 | C811: =TEXT(F811, "mmmm") -> February | D811: =MONTH(F811) -> 2 | E811: =YEAR(F811) -> 2023 | F811: 44984 | G811: CUST002 | H811: Female | I811: 26 | J811: {=_xlfn.IFS(J810<=30,"Young Adult",AND(J810>30, J810<50),"Adult",J810>=50,"Senior")} -> Young Adult | K811: Clothing | L811: 2 | M811: 500 | N811: =L811 * M811 -> 1000 | O811: =N811 *$R$3 -> 15
A812: 56 | B812: =DAY(F812) -> 31 | C812: =TEXT(F812, "mmmm") -> May | D812: =MONTH(F812) -> 5 | E812: =YEAR(F812) -> 2023 | F812: 45077 | G812: CUST056 | H812: Female | I812: 26 | K812: Clothing | L812: 3 | M812: 300 | N812: =L812 * M812 -> 900 | O812: =N812 *$R$3 -> 13.5
A813: 159 | B813: =DAY(F813) -> 31 | C813: =TEXT(F813, "mmmm") -> May | D813: =MONTH(F813) -> 5 | E813: =YEAR(F813) -> 2023 | F813: 45077 | G813: CUST159 | H813: Male | I813: 26 | K813: Clothing | L813: 4 | M813: 50 | N813: =L813 * M813 -> 200 | O813: =N813 *$R$3 -> 3
A814: 248 | B814: =DAY(F814) -> 9 | C814: =TEXT(F814, "mmmm") -> March | D814: =MONTH(F814) -> 3 | E814: =YEAR(F814) -> 2023 | F814: 44994 | G814: CUST248 | H814: Male | I814: 26 | K814: Clothing | L814: 3 | M814: 300 | N814: =L814 * M814 -> 900 | O814: =N814 *$R$3 -> 13.5
A815: 307 | B815: =DAY(F815) -> 27 | C815: =TEXT(F815, "mmmm") -> May | D815: =MONTH(F815) -> 5 | E815: =YEAR(F815) -> 2023 | F815: 45073 | G815: CUST307 | H815: Female | I815: 26 | K815: Electronics | L815: 2 | M815: 25 | N815: =L815 * M815 -> 50 | O815: =N815 *$R$3 -> 0.75
A816: 309 | B816: =DAY(F816) -> 23 | C816: =TEXT(F816, "mmmm") -> December | D816: =MONTH(F816) -> 12 | E816: =YEAR(F816) -> 2023 | F816: 45283 | G816: CUST309 | H816: Female | I816: 26 | K816: Beauty | L816: 1 | M816: 25 | N816: =L816 * M816 -> 25 | O816: =N816 *$R$3 -> 0.375
A817: 321 | B817: =DAY(F817) -> 10 | C817: =TEXT(F817, "mmmm") -> June | D817: =MONTH(F817) -> 6 | E817: =YEAR(F817) -> 2023 | F817: 45087 | G817: CUST321 | H817: Female | I817: 26 | K817: Electronics | L817: 2 | M817: 25 | N817: =L817 * M817 -> 50 | O817: =N817 *$R$3 -> 0.75
A818: 453 | B818: =DAY(F818) -> 8 | C818: =TEXT(F818, "mmmm") -> December | D818: =MONTH(F818) -> 12 | E818: =YEAR(F818) -> 2023 | F818: 45268 | G818: CUST453 | H818: Female | I818: 26 | K818: Clothing | L818: 2 | M818: 500 | N818: =L818 * M818 -> 1000 | O818: =N818 *$R$3 -> 15
A819: 474 | B819: =DAY(F819) -> 15 | C819: =TEXT(F819, "mmmm") -> July | D819: =MONTH(F819) -> 7 | E819: =YEAR(F819) -> 2023 | F819: 45122 | G819: CUST474 | H819: Female | I819: 26 | K819: Clothing | L819: 3 | M819: 500 | N819: =L819 * M819 -> 1500 | O819: =N819 *$R$3 -> 22.5
A820: 475 | B820: =DAY(F820) -> 20 | C820: =TEXT(F820, "mmmm") -> January | D820: =MONTH(F820) -> 1 | E820: =YEAR(F820) -> 2023 | F820: 44946 | G820: CUST475 | H820: Male | I820: 26 | K820: Clothing | L820: 3 | M820: 25 | N820: =L820 * M820 -> 75 | O820: =N820 *$R$3 -> 1.125
A821: 610 | B821: =DAY(F821) -> 3 | C821: =TEXT(F821, "mmmm") -> January | D821: =MONTH(F821) -> 1 | E821: =YEAR(F821) -> 2023 | F821: 44929 | G821: CUST610 | H821: Female | I821: 26 | K821: Beauty | L821: 2 | M821: 300 | N821: =L821 * M821 -> 600 | O821: =N821 *$R$3 -> 9
A822: 626 | B822: =DAY(F822) -> 29 | C822: =TEXT(F822, "mmmm") -> September | D822: =MONTH(F822) -> 9 | E822: =YEAR(F822) -> 2023 | F822: 45198 | G822: CUST626 | H822: Female | I822: 26 | K822: Clothing | L822: 4 | M822: 500 | N822: =L822 * M822 -> 2000 | O822: =N822 *$R$3 -> 30
A823: 632 | B823: =DAY(F823) -> 16 | C823: =TEXT(F823, "mmmm") -> September | D823: =MONTH(F823) -> 9 | E823: =YEAR(F823) -> 2023 | F823: 45185 | G823: CUST632 | H823: Female | I823: 26 | K823: Electronics | L823: 4 | M823: 25 | N823: =L823 * M823 -> 100 | O823: =N823 *$R$3 -> 1.5
... A1001: 847 | B1001: =DAY(F1001) -> 8 | C1001: =TEXT(F1001, "mmmm") -> April | D1001: =MONTH(F1001) -> 4 | E1001: =YEAR(F1001) -> 2023 | F1001: 45024 | G1001: CUST847 | H1001: Female | I1001: 18 | K1001: Electronics | L1001: 4 | M1001: 300 | N1001: =L1001 * M1001 -> 1200 | O1001: =N1001 *$R$3 -> 18

Sheet Transactions
A1: Transaction ID | B1: Total Sales | C1: Product category | D1: Concatenate
A2: 10 | B2: =VLOOKUP(A2, retail_sales_dataset!A:O,13,FALSE) -> 50 | C2: =VLOOKUP(A2, retail_sales_dataset!A:O,10,FALSE) -> 0 | D2: =CONCATENATE(B2, " ", C2) -> 50 0
A3: 15 | B3: =VLOOKUP(A3, retail_sales_dataset!A:O,13,FALSE) -> 500 | C3: =VLOOKUP(A3, retail_sales_dataset!A:O,10,FALSE) -> 0 | D3: =CONCATENATE(B3, " ", C3) -> 500 0
A4: 25 | B4: =VLOOKUP(A4, retail_sales_dataset!A:O,13,FALSE) -> 50 | C4: =VLOOKUP(A4, retail_sales_dataset!A:O,10,FALSE) -> 0 | D4: =CONCATENATE(B4, " ", C4) -> 50 0
A5: 30 | B5: =VLOOKUP(A5, retail_sales_dataset!A:O,13,FALSE) -> 300 | C5: =VLOOKUP(A5, retail_sales_dataset!A:O,10,FALSE) -> 0 | D5: =CONCATENATE(B5, " ", C5) -> 300 0
A6: 54 | B6: =VLOOKUP(A6, retail_sales_dataset!A:O,13,FALSE) -> 500 | C6: =VLOOKUP(A6, retail_sales_dataset!A:O,10,FALSE) -> 0 | D6: =CONCATENATE(B6, " ", C6) -> 500 0
A7: 55 | B7: =VLOOKUP(A7, retail_sales_dataset!A:O,13,FALSE) -> 30 | C7: =VLOOKUP(A7, retail_sales_dataset!A:O,10,FALSE) -> 0 | D7: =CONCATENATE(B7, " ", C7) -> 30 0
A8: 67 | B8: =VLOOKUP(A8, retail_sales_dataset!A:O,13,FALSE) -> 300 | C8: =VLOOKUP(A8, retail_sales_dataset!A:O,10,FALSE) -> 0 | D8: =CONCATENATE(B8, " ", C8) -> 300 0
A9: 89 | B9: =VLOOKUP(A9, retail_sales_dataset!A:O,13,FALSE) -> 500 | C9: =VLOOKUP(A9, retail_sales_dataset!A:O,10,FALSE) -> 0 | D9: =CONCATENATE(B9, " ", C9) -> 500 0
A10: 100 | B10: =VLOOKUP(A10, retail_sales_dataset!A:O,13,FALSE) -> 30 | C10: =VLOOKUP(A10, retail_sales_dataset!A:O,10,FALSE) -> 0 | D10: =CONCATENATE(B10, " ", C10) -> 30 0
A11: =COUNT(A2:A10) -> 9 | B11: =COUNT(B2:B10) -> 9 | C11: =COUNT(C2:C10) -> 9 | D11: =COUNT(D2:D10) -> 0
A12: =COUNTA(A2:A10) -> 9 | B12: =COUNTA(B2:B10) -> 9 | C12: =COUNTA(C2:C10) -> 9 | D12: =COUNTA(D2:D10) -> 9

Sheet Sheet2
A1: County | B1: Product | C1: Sales Volume
A2: Yorkshire | B2: Laptops | C2: 500
A3: Yorkshire | B3: Smartphones | C3: 200
A4: Cornwall | B4: Laptops | C4: 700
A5: Cornwall | B5: Printers | C5: 400
A6: Lancashire | B6: Smartphones | C6: 150
A7: Lancashire | B7: Laptops | C7: 600
A8: Essex | B8: Printers | C8: 800
A9: Essex | B9: Smartphones | C9: 300
A10: Durham | B10: Laptops | C10: 250
A11: Durham | B11: Printers | C11: 300
A12: Greater Manchester | B12: Smartphones | C12: 600
A13: Greater Manchester | B13: Laptops | C13: 400
